player,player_id,Career_MP,Career_WS,Career_VORP,All_Star_Selections,All_NBA_Selections,OutcomeClass,norm
A.J. Lawson,lawsoaj01,1239.0,1.8,-0.4,0,0,Rotational,a.j. lawson
AJ Johnson,johnsaj01,2186.0,-2.5,-3.5,0,0,Rotational,aj johnson
Aaron Gordon,gordoaa01,23465.0,52.2,14.1,0,0,All-Star,aaron gordon
Aaron Holiday,holidaa01,9168.0,12.9,0.2,0,0,Rotational,aaron holiday
Aaron Nesmith,nesmiaa01,7512.0,11.2,-0.1999999999999999,0,0,Rotational,aaron nesmith
Aaron Wiggins,wiggiaa01,6892.0,15.0,1.9,0,0,Rotational,aaron wiggins
Ace Bailey,baileac01,1988.0,-0.1,-1.2,0,0,Rotational,ace bailey
Adem Bona,bonaad01,2139.0,5.199999999999999,-0.5,0,0,Rotational,adem bona
Adou Thiero,thierad01,149.0,0.2,-0.1,0,0,Rotational,adou thiero
Ajay Mitchell,mitchaj01,2070.0,6.3,1.5,0,0,Rotational,ajay mitchell
Al Horford,horfoal01,36887.0,119.5,45.3,5,0,Superstar,al horford
Alex Caruso,carusal01,10307.0,23.1,7.899999999999999,0,0,Starter,alex caruso
Alex Sarr,sarral01,3119.0,1.3,0.3,0,0,Rotational,alex sarr
Alijah Martin,martial01,146.0,0.0,-0.1,0,0,Rotational,alijah martin
Amari Williams,william01,146.0,0.2,0.0,0,0,Rotational,amari williams
Amir Coffey,coffeam01,6933.0,13.3,-0.1,0,0,Rotational,amir coffey
Andre Drummond,drumman01,30009.0,91.5,21.6,2,0,All-Star,andre drummond
Andre Jackson Jr.,jacksan01,1960.0,1.7999999999999998,-1.0,0,0,Rotational,andre jackson jr.
Andrew Nembhard,nembhan01,7437.0,8.799999999999999,-0.2,0,0,Rotational,andrew nembhard
Andrew Wiggins,wiggian01,31650.0,43.6,8.2,1,0,All-Star,andrew wiggins
Anthony Black,blackan01,4961.0,6.6,0.3999999999999999,0,0,Rotational,anthony black
Anthony Davis,davisan02,29447.0,126.7,58.0,10,4,Superstar,anthony davis
Anthony Edwards,edwaran01,15400.0,31.3,15.8,4,2,All-Star,anthony edwards
Anthony Gill,gillan01,3119.0,5.9,-1.0,0,0,Rotational,anthony gill
Antonio Reeves,reevean01,728.0,0.6000000000000001,-0.1,0,0,Rotational,antonio reeves
Ariel Hukporti,hukpoar01,715.0,1.3,-0.2,0,0,Rotational,ariel hukporti
Asa Newell,newelas01,500.0,1.2,0.1,0,0,Rotational,asa newell
Austin Reaves,reaveau01,10202.0,27.4,7.5,0,0,Starter,austin reaves
Ayo Dosunmu,dosunay01,11576.0,22.3,3.4,0,0,Starter,ayo dosunmu
Bam Adebayo,adebaba01,19719.0,64.0,22.2,3,0,All-Star,bam adebayo
Baylor Scheierman,scheiba01,1813.0,4.5,0.9,0,0,Rotational,baylor scheierman
Ben Saraf,sarafbe01,916.0,-1.1,-1.2,0,0,Rotational,ben saraf
Ben Sheppard,sheppbe01,3432.0,4.3,-0.7,0,0,Rotational,ben sheppard
Bennedict Mathurin,mathube01,9149.0,10.4,-2.5,0,0,Rotational,bennedict mathurin
Bilal Coulibaly,coulibi01,5131.0,1.7,-1.8,0,0,Rotational,bilal coulibaly
Bismack Biyombo,biyombi01,17844.0,34.5,-3.0,0,0,Starter,bismack biyombo
Blake Wesley,weslebl01,2589.0,-0.2000000000000001,-2.2,0,0,Rotational,blake wesley
Bobby Portis,portibo01,17825.0,38.3,6.5,0,0,Starter,bobby portis
Bobi Klintman,klintbo01,113.0,0.1,-0.1,0,0,Rotational,bobi klintman
Bogdan Bogdanović,bogdabo01,16098.0,27.0,7.699999999999999,0,0,Starter,bogdan bogdanovic
Bones Hyland,hylanbo01,5675.0,9.3,2.7,0,0,Rotational,bones hyland
Bradley Beal,bealbr01,27681.0,58.3,23.6,3,0,All-Star,bradley beal
Branden Carlson,carlsbr01,734.0,2.6,0.6000000000000001,0,0,Rotational,branden carlson
Brandin Podziemski,podzibr01,6017.0,13.4,3.4,0,0,Rotational,brandin podziemski
Brandon Clarke,clarkbr01,6412.0,24.7,7.3,0,0,Starter,brandon clarke
Brandon Ingram,ingrabr01,18920.0,32.0,10.5,2,0,All-Star,brandon ingram
Brandon Miller,millebr02,5275.0,5.7,1.9,0,0,Rotational,brandon miller
Brandon Williams,willibr01,163.0,-0.5,-0.4,0,0,Rotational,brandon williams
Brandon Williams,willibr03,2703.0,3.2,0.6000000000000001,0,0,Rotational,brandon williams
Brice Sensabaugh,sensabr01,3778.0,2.0,-0.5,0,0,Rotational,brice sensabaugh
Bronny James,jamesbr02,556.0,-0.1,-0.4,0,0,Rotational,bronny james
Brook Lopez,lopezbr01,35157.0,94.5,28.5,1,0,All-Star,brook lopez
Brooks Barnhizer,barnhbr01,348.0,0.6,-0.1,0,0,Rotational,brooks barnhizer
Bruce Brown,brownbr01,16162.0,25.7,0.3999999999999999,0,0,Starter,bruce brown
Bryce McGowens,mcgowbr01,2581.0,2.3,-1.7000000000000002,0,0,Rotational,bryce mcgowens
Bub Carrington,carrica01,4729.0,-0.2,-3.2,0,0,Rotational,bub carrington
Buddy Hield,hieldbu01,28365.0,36.4,13.7,0,0,Starter,buddy hield
CJ Huntley,huntlcj01,40.0,0.1,0.0,0,0,Rotational,cj huntley
CJ McCollum,mccolcj01,31937.0,61.4,24.8,0,0,All-Star,cj mccollum
Cade Cunningham,cunnica01,9186.0,15.0,9.8,2,1,All-Star,cade cunningham
Caleb Houstan,houstca01,2490.0,4.2,-0.4,0,0,Rotational,caleb houstan
Caleb Love,loveca01,1013.0,0.6,-0.3,0,0,Rotational,caleb love
Caleb Martin,martica02,9632.0,13.2,0.6000000000000001,0,0,Rotational,caleb martin
Cam Christie,chrisca02,539.0,0.2,-0.3,0,0,Rotational,cam christie
Cam Spencer,spencca01,1966.0,6.1,2.0,0,0,Rotational,cam spencer
Cam Thomas,thomaca02,6742.0,4.6,-1.1,0,0,Rotational,cam thomas
Cam Whitmore,whitmca01,2061.0,3.3,0.9,0,0,Rotational,cam whitmore
Cameron Johnson,johnsca02,11866.0,30.0,10.2,0,0,Starter,cameron johnson
Caris LeVert,leverca01,20569.0,34.0,9.4,0,0,Starter,caris levert
Carter Bryant,bryanca01,818.0,1.3,-0.2,0,0,Rotational,carter bryant
Cason Wallace,wallaca01,5614.0,14.4,4.1,0,0,Rotational,cason wallace
Cedric Coward,cowarce01,1598.0,2.5,0.7,0,0,Rotational,cedric coward
Charles Bassey,bassech01,1563.0,5.2,1.2,0,0,Rotational,charles bassey
Chaz Lanier,laniech01,262.0,0.3,-0.2,0,0,Rotational,chaz lanier
Chet Holmgren,holmgch01,5287.0,21.2,7.4,1,0,All-Star,chet holmgren
Chris Boucher,bouchch01,7310.0,26.1,5.6000000000000005,0,0,Starter,chris boucher
Chris Livingston,livinch01,213.0,0.3,-0.2,0,0,Rotational,chris livingston
Chris Paul,paulch01,45836.0,215.3,98.7,12,11,Superstar,chris paul
Chris Youngblood,youngch01,370.0,1.0,0.0,0,0,Rotational,chris youngblood
Christian Braun,braunch01,6910.0,16.3,1.8,0,0,Rotational,christian braun
Christian Koloko,kolokch01,1858.0,3.2,-0.9,0,0,Rotational,christian koloko
Chucky Hepburn,hepbuch01,13.0,-0.1,-0.1,0,0,Rotational,chucky hepburn
Clint Capela,capelca01,18329.0,72.4,16.4,0,0,All-Star,clint capela
Coby White,whiteco01,15064.0,22.0,1.9,0,0,Starter,coby white
Cody Martin,martico01,6906.0,8.4,0.3999999999999999,0,0,Rotational,cody martin
Cody Williams,willico04,2691.0,-1.1,-2.9,0,0,Rotational,cody williams
Colby Jones,jonesco02,1229.0,1.2,-0.3,0,0,Rotational,colby jones
Cole Anthony,anthoco01,8462.0,10.4,2.6,0,0,Rotational,cole anthony
Colin Castleton,castlco01,944.0,1.6,-0.7,0,0,Rotational,colin castleton
Collin Gillespie,gilleco01,2968.0,7.9,3.1,0,0,Rotational,collin gillespie
Collin Murray-Boyles,murraco01,1246.0,4.0,1.0,0,0,Rotational,collin murray-boyles
Collin Sexton,sextoco01,15385.0,23.6,4.0,0,0,Starter,collin sexton
Cooper Flagg,flaggco01,2344.0,3.8,2.0,0,0,Rotational,cooper flagg
Corey Kispert,kispeco01,9723.0,12.9,-0.7,0,0,Rotational,corey kispert
Craig Porter Jr.,portecr01,2310.0,5.4,2.0,0,0,Rotational,craig porter jr.
Curtis Jones,jonescu01,88.0,0.1,0.0,0,0,Rotational,curtis jones
D'Angelo Russell,russeda01,24476.0,35.4,16.5,1,0,All-Star,d'angelo russell
Daeqwon Plowden,plowdda01,916.0,1.0,-0.5,0,0,Rotational,daeqwon plowden
Dalen Terry,terryda01,2984.0,3.9,-0.3,0,0,Rotational,dalen terry
Dalton Knecht,knechda01,2047.0,3.1,-0.1,0,0,Rotational,dalton knecht
Damian Lillard,lillada01,32614.0,118.3,54.6,9,5,Superstar,damian lillard
Daniel Gafford,gaffoda01,11290.0,46.5,11.1,0,0,Starter,daniel gafford
Daniss Jenkins,jenkida01,1478.0,2.8,0.4,0,0,Rotational,daniss jenkins
Danny Wolf,wolfda01,1187.0,0.8,-0.2,0,0,Rotational,danny wolf
Darius Garland,garlada01,15381.0,29.8,8.4,2,0,All-Star,darius garland
Davion Mitchell,mitchda01,10678.0,13.2,-1.6,0,0,Starter,davion mitchell
Day'Ron Sharpe,sharpda01,3931.0,11.9,2.1,0,0,Rotational,day'ron sharpe
De'Aaron Fox,foxde01,22132.0,44.7,16.4,2,1,All-Star,de'aaron fox
De'Andre Hunter,huntede01,13912.0,18.6,-1.7999999999999998,0,0,Starter,de'andre hunter
De'Anthony Melton,meltode01,9272.0,14.8,5.2,0,0,Rotational,de'anthony melton
DeAndre Jordan,jordade01,30735.0,108.6,24.5,1,0,Superstar,deandre jordan
DeMar DeRozan,derozde01,43634.0,114.2,30.5,6,3,Superstar,demar derozan
Dean Wade,wadede01,6832.0,14.9,2.9,0,0,Rotational,dean wade
Deandre Ayton,aytonde01,14230.0,43.7,9.2,0,0,Starter,deandre ayton
Dejounte Murray,murrade01,15134.0,26.8,12.9,1,0,All-Star,dejounte murray
Deni Avdija,avdijde01,11878.0,21.7,5.9,1,0,All-Star,deni avdija
Dereck Lively II,livelde01,2242.0,8.6,2.0,0,0,Rotational,dereck lively ii
Derik Queen,queende01,2023.0,2.7,0.6,0,0,Rotational,derik queen
Derrick Jones Jr.,jonesde02,11679.0,26.8,3.6,0,0,Starter,derrick jones jr.
Derrick White,whitede01,18905.0,51.8,20.2,0,0,All-Star,derrick white
Desmond Bane,banede01,12030.0,32.9,12.6,0,0,Starter,desmond bane
Devin Booker,bookede01,25295.0,57.9,20.2,5,1,All-Star,devin booker
Devin Carter,cartede02,1096.0,0.6000000000000001,-0.2,0,0,Rotational,devin carter
Devin Vassell,vassede01,10446.0,16.7,4.3,0,0,Starter,devin vassell
Dillon Brooks,brookdi01,16205.0,16.9,-5.300000000000001,0,0,Starter,dillon brooks
Domantas Sabonis,sabondo01,22599.0,78.1,30.8,3,2,All-Star,domantas sabonis
Donovan Clingan,clingdo01,3418.0,12.6,3.2,0,0,Rotational,donovan clingan
Donovan Mitchell,mitchdo01,20585.0,60.1,29.4,7,2,All-Star,donovan mitchell
Donte DiVincenzo,divindo01,14111.0,29.8,9.9,0,0,Starter,donte divincenzo
Dorian Finney-Smith,finnedo01,20968.0,33.8,4.1,0,0,Starter,dorian finney-smith
Doug McDermott,mcderdo01,18191.0,27.6,-1.2000000000000002,0,0,Starter,doug mcdermott
Drake Powell,poweldr01,1320.0,-0.1,-1.3,0,0,Rotational,drake powell
Draymond Green,greendr01,27151.0,66.3,28.1,4,1,All-Star,draymond green
Drew Eubanks,eubandr01,8427.0,21.7,2.2,0,0,Starter,drew eubanks
Drew Peterson,peterdr01,273.0,0.4,0.0,0,0,Rotational,drew peterson
Dru Smith,smithdr01,1856.0,4.7,1.7,0,0,Rotational,dru smith
Duncan Robinson,robindu01,13126.0,26.0,4.2,0,0,Starter,duncan robinson
Duop Reath,reathdu01,1941.0,4.0,0.6,0,0,Rotational,duop reath
Dwight Powell,poweldw01,13705.0,51.1,9.1,0,0,All-Star,dwight powell
Dylan Cardwell,cardwdy01,907.0,2.3,0.0,0,0,Rotational,dylan cardwell
Dylan Harper,harpedy01,1558.0,4.2,1.3,0,0,Rotational,dylan harper
Dyson Daniels,daniedy01,7491.0,15.8,5.3,0,0,Rotational,dyson daniels
E.J. Liddell,liddeej01,425.0,0.6,-0.1,0,0,Rotational,e.j. liddell
Elijah Harkless,harklej01,683.0,0.2,-0.6,0,0,Rotational,elijah harkless
Emanuel Miller,milleem01,58.0,0.2,0.0,0,0,Rotational,emanuel miller
Enrique Freeman,freemen01,218.0,0.3,-0.2,0,0,Rotational,enrique freeman
Eric Gordon,gordoer01,30922.0,44.4,9.2,0,0,Starter,eric gordon
Evan Mobley,mobleev01,10819.0,34.7,12.1,1,1,All-Star,evan mobley
Franz Wagner,wagnefr01,10417.0,24.2,7.800000000000001,0,0,Starter,franz wagner
Fred VanVleet,vanvlfr01,17193.0,46.1,18.8,1,0,All-Star,fred vanvleet
Gabe Vincent,vincega01,7589.0,6.3,-3.2,0,0,Rotational,gabe vincent
Garrett Temple,templga01,18138.0,18.9,-1.5,0,0,Starter,garrett temple
Gary Harris,harriga01,18406.0,28.3,2.1,0,0,Starter,gary harris
Gary Payton II,paytoga02,5759.0,16.5,4.5,0,0,Rotational,gary payton ii
Gary Trent Jr.,trentga02,14877.0,20.7,1.2999999999999998,0,0,Starter,gary trent jr.
Georges Niang,niangge01,11191.0,18.9,0.6,0,0,Starter,georges niang
Giannis Antetokounmpo,antetgi01,29273.0,125.7,65.5,10,9,Superstar,giannis antetokounmpo
Goga Bitadze,bitadgo01,6034.0,20.7,4.6,0,0,Starter,goga bitadze
Gradey Dick,dickgr01,3922.0,3.1,-2.0,0,0,Rotational,gradey dick
Grant Williams,willigr01,11551.0,20.0,0.8,0,0,Starter,grant williams
Grayson Allen,allengr01,11694.0,26.5,6.5,0,0,Starter,grayson allen
Guerschon Yabusele,yabusgu01,4395.0,7.8,0.3,0,0,Rotational,guerschon yabusele
Gui Santos,santogu01,2349.0,5.1,0.7,0,0,Rotational,gui santos
Harrison Barnes,barneha02,35555.0,69.9,10.4,0,0,All-Star,harrison barnes
Harrison Ingram,ingraha01,61.0,0.2,0.0,0,0,Rotational,harrison ingram
Herbert Jones,joneshe01,8843.0,16.2,2.5,0,0,Rotational,herbert jones
Hunter Dickinson,dickihu01,42.0,-0.1,-0.1,0,0,Rotational,hunter dickinson
Hunter Sallis,sallihu01,26.0,-0.1,-0.1,0,0,Rotational,hunter sallis
Hunter Tyson,tysonhu01,610.0,0.4,-0.6,0,0,Rotational,hunter tyson
Immanuel Quickley,quickim01,12508.0,32.5,10.8,0,0,Starter,immanuel quickley
Isaac Jones,jonesis01,376.0,0.7,-0.1,0,0,Rotational,isaac jones
Isaac Okoro,okorois01,10441.0,18.2,-0.9,0,0,Starter,isaac okoro
Isaiah Collier,colliis01,3356.0,0.8999999999999999,-1.8,0,0,Rotational,isaiah collier
Isaiah Crawford,crawfis01,138.0,0.1,0.0,0,0,Rotational,isaiah crawford
Isaiah Hartenstein,harteis01,9070.0,35.1,9.7,0,0,Starter,isaiah hartenstein
Isaiah Jackson,jacksis01,4254.0,12.9,1.5,0,0,Rotational,isaiah jackson
Isaiah Joe,joeis01,6943.0,18.9,4.6,0,0,Rotational,isaiah joe
Isaiah Livers,liveris01,2398.0,2.0,-0.6,0,0,Rotational,isaiah livers
Isaiah Stevens,steveis01,49.0,0.1,0.0,0,0,Rotational,isaiah stevens
Isaiah Stewart,stewais01,8859.0,19.5,1.2,0,0,Rotational,isaiah stewart
JD Davison,davisjd01,416.0,0.6,0.0,0,0,Rotational,jd davison
Ja Morant,moranja01,10370.0,24.3,11.9,2,2,All-Star,ja morant
Ja'Kobe Walter,walteja01,2577.0,4.9,0.3,0,0,Rotational,ja'kobe walter
Jabari Smith Jr.,smithja05,9296.0,18.3,1.4,0,0,Rotational,jabari smith jr.
Jabari Walker,walkeja01,3830.0,6.8,-1.1,0,0,Rotational,jabari walker
Jackson Rowe,roweja01,52.0,0.2,0.0,0,0,Rotational,jackson rowe
Jacob Toppin,toppija01,207.0,0.2,0.0,0,0,Rotational,jacob toppin
Jaden Hardy,hardyja02,4400.0,0.3,-2.3,0,0,Rotational,jaden hardy
Jaden Ivey,iveyja01,6759.0,4.4,-0.0999999999999999,0,0,Rotational,jaden ivey
Jaden McDaniels,mcdanja02,12765.0,23.1,1.6,0,0,Starter,jaden mcdaniels
Jae'Sean Tate,tateja01,6800.0,11.7,0.0,0,0,Rotational,jae'sean tate
Jahmir Young,youngja05,88.0,0.1,-0.1,0,0,Rotational,jahmir young
Jahmyl Telfort,telfoja01,32.0,-0.1,-0.1,0,0,Rotational,jahmyl telfort
Jaime Jaquez Jr.,jaqueja01,5602.0,10.5,1.6,0,0,Rotational,jaime jaquez jr.
Jake LaRavia,laravja01,5979.0,11.1,1.6,0,0,Rotational,jake laravia
Jakob Poeltl,poeltja01,16375.0,54.5,13.7,0,0,All-Star,jakob poeltl
Jalen Brunson,brunsja01,16830.0,54.3,18.8,3,3,Superstar,jalen brunson
Jalen Duren,durenja01,7457.0,29.5,7.6,1,0,All-Star,jalen duren
Jalen Green,greenja05,10866.0,11.0,2.4,0,0,Starter,jalen green
Jalen Johnson,johnsja05,6867.0,15.8,7.2,1,0,All-Star,jalen johnson
Jalen Pickett,pickeja02,1595.0,2.3000000000000003,0.0,0,0,Rotational,jalen pickett
Jalen Suggs,suggsja01,7154.0,8.3,3.0,0,0,Rotational,jalen suggs
Jalen Williams,willija06,7672.0,23.7,8.1,1,0,All-Star,jalen williams
Jalen Wilson,wilsoja03,3554.0,3.2,-2.0,0,0,Rotational,jalen wilson
Jamal Cain,cainja01,1487.0,2.9,0.1,0,0,Rotational,jamal cain
Jamal Murray,murraja01,19448.0,47.5,16.4,1,0,All-Star,jamal murray
Jamal Shead,sheadja01,3319.0,3.5,-0.9,0,0,Rotational,jamal shead
James Harden,hardeja01,48915.0,204.7,98.9,11,10,Superstar,james harden
James Wiseman,wisemja01,3724.0,5.6,-1.8,0,0,Rotational,james wiseman
Jamir Watkins,watkija01,1032.0,1.1,-0.3,0,0,Rotational,jamir watkins
Jamison Battle,battlja01,1559.0,2.6,-0.2,0,0,Rotational,jamison battle
Jarace Walker,walkeja02,3480.0,2.5,0.3,0,0,Rotational,jarace walker
Jared McCain,mccaija01,2912.0,3.6,0.0,0,0,Rotational,jared mccain
Jaren Jackson Jr.,jacksja02,14547.0,31.7,9.7,2,0,All-Star,jaren jackson jr.
Jarred Vanderbilt,vandeja01,9228.0,23.8,4.800000000000001,0,0,Starter,jarred vanderbilt
Jarrett Allen,allenja01,19403.0,79.5,20.9,1,0,All-Star,jarrett allen
Jase Richardson,richaja02,587.0,1.0,-0.1,0,0,Rotational,jase richardson
Javon Small,smallja01,830.0,1.9,0.6,0,0,Rotational,javon small
Javonte Green,greenja02,7605.0,17.900000000000002,3.3000000000000003,0,0,Rotational,javonte green
Jaxson Hayes,hayesja02,7229.0,25.2,3.5,0,0,Starter,jaxson hayes
Jay Huff,huffja01,2631.0,6.4,2.3000000000000003,0,0,Rotational,jay huff
Jaylen Brown,brownja02,20908.0,47.5,14.1,5,0,All-Star,jaylen brown
Jaylen Clark,clarkja02,1410.0,3.3,0.1,0,0,Rotational,jaylen clark
Jaylen Wells,wellsja01,3864.0,5.1,-0.6,0,0,Rotational,jaylen wells
Jaylin Williams,willija07,3872.0,11.7,3.5,0,0,Rotational,jaylin williams
Jaylon Tyson,tysonja01,2230.0,4.8,0.8,0,0,Rotational,jaylon tyson
Jayson Tatum,tatumja01,20707.0,67.1,30.2,6,5,Superstar,jayson tatum
Jerami Grant,grantje01,23280.0,43.6,8.9,0,0,Starter,jerami grant
Jeremiah Fears,fearsje01,2112.0,0.6,-0.4,0,0,Rotational,jeremiah fears
Jeremiah Robinson-Earl,robinje02,4196.0,6.1,-0.8,0,0,Rotational,jeremiah robinson-earl
Jeremy Sochan,sochaje01,5953.0,6.7,-1.0,0,0,Rotational,jeremy sochan
Jericho Sims,simsje01,4534.0,11.3,-0.5,0,0,Rotational,jericho sims
Jett Howard,howarje01,1463.0,1.4,-0.6,0,0,Rotational,jett howard
Jevon Carter,carteje01,8918.0,11.5,1.2,0,0,Rotational,jevon carter
Joan Beringer,berinjo01,314.0,1.5,0.2,0,0,Rotational,joan beringer
Jock Landale,landajo01,5843.0,15.8,2.5,0,0,Rotational,jock landale
Joe Ingles,inglejo01,17638.0,42.3,13.2,0,0,Starter,joe ingles
Joel Embiid,embiijo01,15608.0,68.9,34.3,7,5,Superstar,joel embiid
John Collins,collijo01,15611.0,43.8,9.8,0,0,Starter,john collins
John Konchar,konchjo01,7503.0,18.6,5.5,0,0,Rotational,john konchar
John Tonje,tonjejo01,42.0,0.1,0.0,0,0,Rotational,john tonje
Johni Broome,broomjo01,55.0,-0.2,-0.2,0,0,Rotational,johni broome
Johnny Furphy,furphjo01,1022.0,1.0,-0.3,0,0,Rotational,johnny furphy
Johnny Juzang,juzanjo01,1962.0,1.9,-0.6,0,0,Rotational,johnny juzang
Jonathan Isaac,isaacjo01,6161.0,14.9,4.4,0,0,Rotational,jonathan isaac
Jonathan Kuminga,kuminjo01,7332.0,13.9,1.4,0,0,Rotational,jonathan kuminga
Jonathan Mogbo,mogbojo01,1535.0,2.5,0.1,0,0,Rotational,jonathan mogbo
Jordan Clarkson,clarkjo01,25695.0,32.3,7.300000000000001,0,0,Starter,jordan clarkson
Jordan Goodwin,goodwjo01,5337.0,9.4,3.1,0,0,Rotational,jordan goodwin
Jordan Hawkins,hawkijo01,3173.0,0.4,-2.2,0,0,Rotational,jordan hawkins
Jordan McLaughlin,mclaujo01,4644.0,10.8,2.4,0,0,Rotational,jordan mclaughlin
Jordan Miller,millejo02,1773.0,4.0,0.7000000000000001,0,0,Rotational,jordan miller
Jordan Poole,poolejo01,12283.0,11.5,0.2999999999999998,0,0,Starter,jordan poole
Jordan Walsh,walshjo01,1698.0,4.4,0.4999999999999999,0,0,Rotational,jordan walsh
Jose Alvarado,alvarjo01,7278.0,11.6,2.5,0,0,Rotational,jose alvarado
Josh Giddey,giddejo01,9926.0,17.2,8.9,0,0,Rotational,josh giddey
Josh Green,greenjo02,7323.0,11.1,-1.2000000000000002,0,0,Rotational,josh green
Josh Hart,hartjo01,22368.0,53.1,15.7,0,0,All-Star,josh hart
Josh Minott,minotjo01,2131.0,6.4,2.5,0,0,Rotational,josh minott
Josh Okogie,okogijo01,9931.0,15.6,1.3,0,0,Rotational,josh okogie
Jrue Holiday,holidjr01,35719.0,78.1,32.7,2,0,All-Star,jrue holiday
Julian Champagnie,champju02,6306.0,11.3,2.1,0,0,Rotational,julian champagnie
Julian Phillips,phillju01,2302.0,3.1,-1.0,0,0,Rotational,julian phillips
Julian Strawther,strawju01,2790.0,2.8000000000000003,-1.6,0,0,Rotational,julian strawther
Julius Randle,randlju01,25348.0,56.8,19.3,3,1,All-Star,julius randle
Justin Champagnie,champju01,3301.0,7.0,0.8999999999999999,0,0,Rotational,justin champagnie
Justin Edwards,edwarju01,2132.0,2.6,-0.3,0,0,Rotational,justin edwards
KJ Simpson,simpskj01,1356.0,-0.7000000000000001,-1.1,0,0,Rotational,kj simpson
Kam Jones,joneska03,616.0,0.0,-0.6,0,0,Rotational,kam jones
Karl-Anthony Towns,townska01,24294.0,94.8,38.4,6,0,All-Star,karl-anthony towns
Kawhi Leonard,leonaka01,25368.0,111.9,55.1,7,6,Superstar,kawhi leonard
Keaton Wallace,wallake01,1037.0,1.1,-0.1,0,0,Rotational,keaton wallace
Keegan Murray,murrake02,8373.0,14.1,1.6,0,0,Rotational,keegan murray
Kel'el Ware,wareke01,3126.0,10.3,2.5,0,0,Rotational,kel'el ware
Keldon Johnson,johnske04,12511.0,23.2,3.3,0,0,Starter,keldon johnson
Kelly Olynyk,olynyke01,23007.0,58.8,16.8,0,0,All-Star,kelly olynyk
Kenrich Williams,willike04,8631.0,18.4,3.1,0,0,Rotational,kenrich williams
Kentavious Caldwell-Pope,caldwke01,28124.0,49.0,7.2,0,0,Starter,kentavious caldwell-pope
Keon Ellis,elliske01,5953.0,11.9,4.0,0,0,Rotational,keon ellis
Keshad Johnson,johnske10,378.0,1.0,0.1,0,0,Rotational,keshad johnson
Kevin Durant,duranke01,45749.0,193.0,96.4,16,11,Superstar,kevin durant
Kevin Huerter,huertke01,18343.0,26.1,4.8,0,0,Starter,kevin huerter
Kevin Love,loveke01,29358.0,98.7,37.3,5,2,All-Star,kevin love
Kevin McCullar Jr.,mcculke01,184.0,0.2,0.0,0,0,Rotational,kevin mccullar jr.
Kevin Porter Jr.,porteke02,10153.0,11.2,3.0,0,0,Starter,kevin porter jr.
Kevon Harris,harrike01,463.0,0.6,-0.2,0,0,Rotational,kevon harris
Kevon Looney,looneke01,10617.0,38.2,6.2,0,0,Starter,kevon looney
Keyonte George,georgke01,5918.0,4.1,-0.1999999999999999,0,0,Rotational,keyonte george
Khaman Maluach,maluakh01,411.0,0.8,-0.2,0,0,Rotational,khaman maluach
Khris Middleton,middlkh01,27544.0,60.6,15.5,3,0,All-Star,khris middleton
Klay Thompson,thompkl01,29306.0,57.6,17.4,5,1,All-Star,klay thompson
Kobe Brown,brownko01,2592.0,3.6,-0.5,0,0,Rotational,kobe brown
Kobe Sanders,sandeko01,1351.0,1.4,-0.3,0,0,Rotational,kobe sanders
Koby Brea,breako01,84.0,0.2,0.0,0,0,Rotational,koby brea
Kon Knueppel,knuepko01,2551.0,8.0,3.1,0,0,Rotational,kon knueppel
Kris Dunn,dunnkr01,11727.0,15.8,2.8,0,0,Starter,kris dunn
Kris Murray,murrakr01,3721.0,3.6,-0.7,0,0,Rotational,kris murray
Kyle Anderson,anderky01,18032.0,46.0,16.5,0,0,Starter,kyle anderson
Kyle Filipowski,filipky01,3323.0,5.6,0.8,0,0,Rotational,kyle filipowski
Kyle Kuzma,kuzmaky01,20597.0,15.3,0.6000000000000001,0,0,Starter,kyle kuzma
Kyle Lowry,lowryky01,40167.0,119.5,44.3,6,1,Superstar,kyle lowry
Kyrie Irving,irvinky01,29120.0,98.3,47.4,9,0,All-Star,kyrie irving
Kyshawn George,georgky01,3193.0,0.7,-0.6000000000000001,0,0,Rotational,kyshawn george
LaMelo Ball,ballla01,9392.0,19.7,12.5,1,0,All-Star,lamelo ball
Lachlan Olbrich,olbrila01,344.0,0.5,-0.1,0,0,Rotational,lachlan olbrich
Landry Shamet,shamela01,11362.0,19.3,0.5,0,0,Starter,landry shamet
Larry Nance Jr.,nancela02,15497.0,43.4,12.2,0,0,Starter,larry nance jr.
Lauri Markkanen,markkla01,15401.0,36.7,12.1,1,0,All-Star,lauri markkanen
Leonard Miller,millele01,1522.0,3.6,0.4,0,0,Rotational,leonard miller
Liam McNeeley,mcneeli01,368.0,0.9,0.1,0,0,Rotational,liam mcneeley
Lindy Waters III,waterli01,3117.0,5.2,0.1999999999999999,0,0,Rotational,lindy waters iii
Lonzo Ball,balllo01,9692.0,13.2,6.800000000000001,0,0,Rotational,lonzo ball
Luguentz Dort,dortlu01,12468.0,18.6,-0.2999999999999999,0,0,Starter,luguentz dort
Luka Garza,garzalu01,2091.0,8.3,1.2,0,0,Rotational,luka garza
Luke Kennard,kennalu01,15436.0,36.0,8.0,0,0,Starter,luke kennard
Luke Kornet,kornelu01,7149.0,27.5,7.5,0,0,Starter,luke kornet
Luke Travers,travelu01,191.0,0.0,-0.2,0,0,Rotational,luke travers
Mac McClung,mccluma01,371.0,0.1,-0.2,0,0,Rotational,mac mcclung
Malaki Branham,branhma01,3846.0,0.1,-2.9000000000000004,0,0,Rotational,malaki branham
Malik Monk,monkma01,13307.0,16.1,3.1,0,0,Starter,malik monk
Marcus Sasser,sassema01,2619.0,3.5,0.0999999999999999,0,0,Rotational,marcus sasser
Marcus Smart,smartma01,21175.0,36.9,7.7,0,0,Starter,marcus smart
Mark Sears,searsma01,26.0,0.0,0.0,0,0,Rotational,mark sears
Mark Williams,willima07,3923.0,15.9,3.7,0,0,Rotational,mark williams
Marvin Bagley III,baglema01,11333.0,25.5,2.6,0,0,Starter,marvin bagley iii
Mason Plumlee,plumlma01,23343.0,72.8,19.7,0,0,All-Star,mason plumlee
Matas Buzelis,buzelma01,3759.0,4.5,0.3,0,0,Rotational,matas buzelis
Matisse Thybulle,thybuma01,8949.0,17.5,6.5,0,0,Rotational,matisse thybulle
Max Christie,chrisma02,7954.0,9.4,-0.8,0,0,Rotational,max christie
Max Shulga,shulgma01,36.0,0.0,-0.1,0,0,Rotational,max shulga
Max Strus,strusma01,8172.0,15.9,3.4000000000000004,0,0,Rotational,max strus
Maxi Kleber,klebima01,10288.0,20.6,3.5,0,0,Starter,maxi kleber
Maxime Raynaud,raynama01,1964.0,3.6,-0.2,0,0,Rotational,maxime raynaud
Micah Peavy,peavymi01,913.0,0.4,-0.7,0,0,Rotational,micah peavy
Michael Porter Jr.,portemi01,11725.0,29.4,8.8,0,0,Starter,michael porter jr.
Mikal Bridges,bridgmi01,24169.0,57.4,18.7,0,0,All-Star,mikal bridges
Mike Conley,conlemi01,39617.0,113.0,42.3,1,1,Superstar,mike conley
Miles Bridges,bridgmi02,15457.0,27.8,8.3,0,0,Starter,miles bridges
Miles Kelly,kellymi02,134.0,0.0,-0.1,0,0,Rotational,miles kelly
Miles McBride,mcbrimi01,5133.0,10.4,2.0,0,0,Rotational,miles mcbride
Mohamed Diawara,diawamo01,634.0,0.9,0.0,0,0,Rotational,mohamed diawara
Moritz Wagner,wagnemo01,7200.0,19.0,3.4,0,0,Rotational,moritz wagner
Moses Moody,moodymo01,5769.0,11.6,1.6,0,0,Rotational,moses moody
Mouhamed Gueye,gueyemo02,1785.0,4.1000000000000005,0.4,0,0,Rotational,mouhamed gueye
Moussa Cisse,cissemo01,530.0,1.3,-0.1,0,0,Rotational,moussa cisse
Myles Turner,turnemy01,20366.0,51.6,13.5,0,0,All-Star,myles turner
Myron Gardner,gardnmy01,411.0,1.4,0.3,0,0,Rotational,myron gardner
N'Faly Dante,nfalyda01,66.0,0.3,0.1,0,0,Rotational,n'faly dante
Nae'Qwan Tomlin,tomlina01,1067.0,2.3000000000000003,-0.1,0,0,Rotational,nae'qwan tomlin
Naji Marshall,marshna01,8587.0,14.6,1.8,0,0,Rotational,naji marshall
Naz Reid,reidna01,10479.0,24.8,7.4,0,0,Starter,naz reid
Neemias Queta,quetane01,3271.0,14.2,2.9,0,0,Rotational,neemias queta
Nic Claxton,claxtni01,9944.0,30.9,8.2,0,0,Starter,nic claxton
Nick Richards,richani01,7320.0,17.5,-2.3,0,0,Rotational,nick richards
Nick Smith Jr.,smithni01,2473.0,-0.9,-2.3,0,0,Rotational,nick smith jr.
Nickeil Alexander-Walker,alexani01,12895.0,17.8,3.6,0,0,Starter,nickeil alexander-walker
Nicolas Batum,batumni01,35459.0,79.1,29.5,0,0,All-Star,nicolas batum
Nique Clifford,cliffni01,1882.0,-0.6,-1.4,0,0,Rotational,nique clifford
Noa Essengue,essenno01,6.0,-0.1,0.0,0,0,Rotational,noa essengue
Noah Clowney,clownno01,3192.0,2.5,-1.0,0,0,Rotational,noah clowney
Noah Penda,pendano01,757.0,1.1,0.1,0,0,Rotational,noah penda
Norman Powell,powelno01,20318.0,43.9,11.0,1,0,All-Star,norman powell
OG Anunoby,anunoog01,18780.0,40.2,11.3,0,0,Starter,og anunoby
Obi Toppin,toppiob01,6662.0,17.7,5.2,0,0,Rotational,obi toppin
Ochai Agbaji,agbajoc01,8176.0,6.4,-2.9,0,0,Rotational,ochai agbaji
Olivier-Maxence Prosper,prospol01,1904.0,3.8,0.4,0,0,Rotational,olivier-maxence prosper
Onyeka Okongwu,okongon01,9208.0,30.9,5.9,0,0,Starter,onyeka okongwu
Orlando Robinson,robinor01,2294.0,4.5,-0.5,0,0,Rotational,orlando robinson
Oscar Tshiebwe,tshieos01,745.0,2.5,0.0,0,0,Rotational,oscar tshiebwe
Oso Ighodaro,ighodos01,2853.0,6.300000000000001,0.7,0,0,Rotational,oso ighodaro
Ousmane Dieng,diengou01,3537.0,2.3,-1.1,0,0,Rotational,ousmane dieng
PJ Hall,hallpj01,494.0,1.4,0.0,0,0,Rotational,pj hall
Paolo Banchero,banchpa01,9313.0,16.2,6.9,1,0,All-Star,paolo banchero
Pascal Siakam,siakapa01,24351.0,65.0,23.7,4,1,All-Star,pascal siakam
Pat Connaughton,connapa01,11736.0,25.3,4.7,0,0,Starter,pat connaughton
Pat Spencer,spencpa01,1505.0,1.7,-0.1,0,0,Rotational,pat spencer
Patrick Williams,willipa01,8952.0,8.4,-1.5,0,0,Rotational,patrick williams
Paul George,georgpa01,31651.0,92.1,45.4,9,2,All-Star,paul george
Paul Reed,reedpa01,4163.0,15.9,3.7,0,0,Rotational,paul reed
Payton Pritchard,pritcpa01,9564.0,29.4,8.6,0,0,Starter,payton pritchard
Pelle Larsson,larsspe01,2631.0,5.5,0.2,0,0,Rotational,pelle larsson
Pete Nance,nancepe01,1040.0,1.3,-0.4,0,0,Rotational,pete nance
Peyton Watson,watsope01,4928.0,7.9,0.3,0,0,Rotational,peyton watson
Precious Achiuwa,achiupr01,9765.0,18.0,-0.0999999999999999,0,0,Rotational,precious achiuwa
Quentin Grimes,grimequ01,11189.0,19.0,3.8,0,0,Starter,quentin grimes
Quenton Jackson,jacksqu01,1424.0,2.6,0.1,0,0,Rotational,quenton jackson
Quinten Post,postqu01,1845.0,3.6,0.7,0,0,Rotational,quinten post
Rasheer Fleming,flemira01,673.0,0.8,-0.3,0,0,Rotational,rasheer fleming
RayJ Dennis,dennira01,482.0,-0.5,-0.4,0,0,Rotational,rayj dennis
Rayan Rupert,ruperra01,3237.0,1.2,-2.7,0,0,Rotational,rayan rupert
Reed Sheppard,sheppre01,2801.0,6.7,2.6,0,0,Rotational,reed sheppard
Riley Minix,minixri01,123.0,0.4,0.2,0,0,Rotational,riley minix
Rob Dillingham,dilliro01,2456.0,-2.1,-2.9,0,0,Rotational,rob dillingham
Rocco Zikarsky,zikarro01,36.0,0.2,0.0,0,0,Rotational,rocco zikarsky
Ron Harper Jr.,harpero02,387.0,1.0,0.3,0,0,Rotational,ron harper jr.
Ron Holland,hollaro01,2817.0,4.6,-0.3,0,0,Rotational,ron holland
Royce O'Neale,onealro01,19884.0,38.3,11.0,0,0,Starter,royce o'neale
Rudy Gobert,goberru01,27810.0,124.8,35.8,3,2,Superstar,rudy gobert
Rui Hachimura,hachiru01,12738.0,20.5,0.0,0,0,Starter,rui hachimura
Russell Westbrook,westbru01,45152.0,114.5,60.4,9,8,Superstar,russell westbrook
Ryan Dunn,dunnry01,2765.0,3.6,-0.2999999999999999,0,0,Rotational,ryan dunn
Ryan Kalkbrenner,kalkbry01,1479.0,5.7,1.4,0,0,Rotational,ryan kalkbrenner
Ryan Nembhard,nembhry01,1171.0,0.8,-0.6,0,0,Rotational,ryan nembhard
Ryan Rollins,rolliry01,3414.0,5.3,1.7,0,0,Rotational,ryan rollins
Saddiq Bey,beysa01,13179.0,24.0,5.2,0,0,Starter,saddiq bey
Sam Hauser,hausesa01,6664.0,18.3,5.0,0,0,Rotational,sam hauser
Sam Merrill,merrisa01,4197.0,10.5,2.2,0,0,Rotational,sam merrill
Sandro Mamukelashvili,mamuksa01,4610.0,12.2,3.0,0,0,Rotational,sandro mamukelashvili
Santi Aldama,aldamsa01,6518.0,14.6,4.800000000000001,0,0,Rotational,santi aldama
Scoot Henderson,hendesc01,4272.0,1.1,-1.8,0,0,Rotational,scoot henderson
Scottie Barnes,barnesc01,12204.0,27.2,13.0,2,0,All-Star,scottie barnes
Scotty Pippen Jr.,pippesc02,2454.0,5.8,2.1,0,0,Rotational,scotty pippen jr.
Shai Gilgeous-Alexander,gilgesh01,17550.0,75.39999999999999,36.9,4,3,Superstar,shai gilgeous-alexander
Sharife Cooper,coopesh01,739.0,0.3999999999999999,-0.4,0,0,Rotational,sharife cooper
Sidy Cissoko,cissosi01,1804.0,1.3,-0.8999999999999999,0,0,Rotational,sidy cissoko
Simone Fontecchio,fontesi01,6464.0,8.3,0.6,0,0,Rotational,simone fontecchio
Sion James,jamessi01,1843.0,3.1,0.0,0,0,Rotational,sion james
Spencer Jones,jonessp01,1542.0,2.5,-0.3,0,0,Rotational,spencer jones
Stephen Curry,curryst01,36304.0,147.4,77.4,12,11,Superstar,stephen curry
Stephon Castle,castlst01,4200.0,6.9,1.4,0,0,Rotational,stephon castle
Steven Adams,adamsst01,20468.0,63.9,12.8,0,0,All-Star,steven adams
Svi Mykhailiuk,mykhasv01,8774.0,6.2,-0.8999999999999999,0,0,Rotational,svi mykhailiuk
T.J. McConnell,mccontj01,15884.0,34.6,9.8,0,0,Starter,t.j. mcconnell
Taelon Peter,peterta01,492.0,0.0,-0.3,0,0,Rotational,taelon peter
Tari Eason,easonta01,5216.0,11.8,2.7,0,0,Rotational,tari eason
Taurean Prince,princta02,15918.0,16.6,-0.4000000000000001,0,0,Starter,taurean prince
Taylor Hendricks,hendrta01,3167.0,3.5,-0.1,0,0,Rotational,taylor hendricks
Terance Mann,mannte01,12044.0,26.3,2.2,0,0,Starter,terance mann
Terrence Shannon Jr.,shannte01,877.0,1.6,-0.2,0,0,Rotational,terrence shannon jr.
Terry Rozier,roziete01,20397.0,34.5,11.8,0,0,Starter,terry rozier
Thanasis Antetokounmpo,antetth01,1668.0,2.1,-0.9,0,0,Rotational,thanasis antetokounmpo
Thomas Bryant,bryanth01,8686.0,29.9,6.3,0,0,Starter,thomas bryant
Tim Hardaway Jr.,hardati02,26446.0,40.0,5.2,0,0,Starter,tim hardaway jr.
Tobias Harris,harrito02,41800.0,103.4,32.4,0,0,Superstar,tobias harris
Tolu Smith,smithto05,159.0,0.6,0.1,0,0,Rotational,tolu smith
Tony Bradley,bradlto01,3691.0,12.6,1.5,0,0,Rotational,tony bradley
Tosan Evbuomwan,evbuoto01,1407.0,1.6,-0.4,0,0,Rotational,tosan evbuomwan
Toumani Camara,camarto01,7018.0,12.0,1.4,0,0,Rotational,toumani camara
Trae Young,youngtr01,17390.0,46.2,20.1,4,0,All-Star,trae young
Trayce Jackson-Davis,jackstr02,3089.0,11.1,2.6,0,0,Rotational,trayce jackson-davis
Tre Johnson,johnstr03,1443.0,-0.7,-1.1,0,0,Rotational,tre johnson
Tre Jones,jonestr01,9101.0,23.1,4.8,0,0,Starter,tre jones
Tre Mann,manntr01,5512.0,3.1,-1.5,0,0,Rotational,tre mann
Trendon Watford,watfotr01,4684.0,7.9,0.2,0,0,Rotational,trendon watford
Trey Alexander,alexatr01,228.0,0.0,-0.2,0,0,Rotational,trey alexander
Trey Jemison,jemistr01,2012.0,2.4,-2.0,0,0,Rotational,trey jemison
Trey Murphy III,murphtr02,9197.0,24.4,8.299999999999999,0,0,Starter,trey murphy iii
Tristan Vukcevic,vukcetr01,1337.0,1.6,0.4,0,0,Rotational,tristan vukcevic
Ty Jerome,jeromty01,4479.0,11.1,3.4,0,0,Rotational,ty jerome
Tyler Herro,herroty01,12796.0,22.4,9.1,1,0,All-Star,tyler herro
Tyler Kolek,kolekty01,1023.0,1.7999999999999998,0.1999999999999999,0,0,Rotational,tyler kolek
Tyrese Haliburton,halibty01,13694.0,44.5,22.0,2,0,All-Star,tyrese haliburton
Tyrese Martin,martity01,2935.0,1.1,-0.9,0,0,Rotational,tyrese martin
Tyrese Maxey,maxeyty01,12848.0,35.2,13.5,2,0,All-Star,tyrese maxey
Tyrese Proctor,proctty01,545.0,0.7,-0.1,0,0,Rotational,tyrese proctor
Tyson Etienne,etienty01,531.0,0.4,-0.4,0,0,Rotational,tyson etienne
Tyus Jones,jonesty01,16382.0,35.9,9.0,0,0,Starter,tyus jones
VJ Edgecombe,edgecvj01,2623.0,4.4,1.0,0,0,Rotational,vj edgecombe
Victor Wembanyama,wembavi01,5499.0,17.5,13.1,2,0,All-Star,victor wembanyama
Vince Williams Jr.,willivi01,3680.0,3.4,0.6000000000000001,0,0,Rotational,vince williams jr.
Vit Krejci,krejcvi01,2549.0,3.9,-0.0999999999999999,0,0,Rotational,vit krejci
Vladislav Goldin,goldivl01,24.0,0.1,0.0,0,0,Rotational,vladislav goldin
Walker Kessler,kesslwa01,5090.0,17.1,5.1,0,0,Rotational,walker kessler
Wendell Carter Jr.,cartewe01,14110.0,36.7,5.5,0,0,Starter,wendell carter jr.
Wendell Moore Jr.,moorewe01,1286.0,1.6,-0.2,0,0,Rotational,wendell moore jr.
Will Richard,richawi02,1377.0,2.5,0.1,0,0,Rotational,will richard
Will Riley,rileywi01,1633.0,0.4,-1.0,0,0,Rotational,will riley
Yang Hansen,yangha01,300.0,-0.5,-0.6,0,0,Rotational,yang hansen
Yves Missi,missiyv01,3253.0,6.300000000000001,-0.4,0,0,Rotational,yves missi
Zaccharie Risacher,risacza01,3346.0,4.1,-0.8999999999999999,0,0,Rotational,zaccharie risacher
Zach Collins,colliza01,8298.0,14.9,1.5,0,0,Rotational,zach collins
Zach Edey,edeyza01,1700.0,5.7,0.8999999999999999,0,0,Rotational,zach edey
Zach LaVine,lavinza01,25287.0,43.8,16.4,2,0,All-Star,zach lavine
Zeke Nnaji,nnajize01,3633.0,7.6,-0.7,0,0,Rotational,zeke nnaji
Ziaire Williams,willizi02,5767.0,6.2,-1.4,0,0,Rotational,ziaire williams
Zion Williamson,willizi01,8555.0,30.4,14.1,2,0,All-Star,zion williamson
